Event ID,Event time,User name,Event name,Resource type,Resources,AWS access key,AWS region,Error code,Source IP address
36026e95-530b-43a4-bd24-1c77ba90a7aa,"2020-06-08, 11:18:31 AM",Administrator,ListPolicies,,,,us-east-1,,96.250.109.236
537e4b2d-4a03-4860-a8a4-559780a3b8da,"2020-06-08, 11:18:31 AM",Administrator,GetPolicy,,,,us-east-1,,96.250.109.236
5c6ace0a-4333-46ac-8a2b-dfa00dcb27d0,"2020-06-08, 11:18:31 AM",Administrator,ListAccountAliases,,,,us-east-1,,96.250.109.236
76ab5536-b964-4894-bbe9-e5a7e5b9b625,"2020-06-08, 11:18:31 AM",Administrator,CreateLoginProfile,IAM User,"[{""resourceType"":""AWS::IAM::User"",""resourceName"":""CloudTrail""}]",,us-east-1,,96.250.109.236
15cce841-97d8-4909-84be-22dcf7cd9ca8,"2020-06-08, 11:18:30 AM",Administrator,AttachUserPolicy,IAM User and 1 more,"[{""resourceType"":""AWS::IAM::User"",""resourceName"":""CloudTrail""},{""resourceType"":""AWS::IAM::Policy"",""resourceName"":""arn:aws:iam::aws:policy/IAMUserChangePassword""}]",,us-east-1,,96.250.109.236
6999e6e4-e2af-4ab4-844d-213164cf71b6,"2020-06-08, 11:18:30 AM",Administrator,CreateUser,IAM User,"[{""resourceType"":""AWS::IAM::User"",""resourceName"":""CloudTrail""},{""resourceType"":""AWS::IAM::User"",""resourceName"":""AIDA2NAYKUZ2I6R5ICLCD""},{""resourceType"":""AWS::IAM::User"",""resourceName"":""arn:aws:iam::715163084404:user/CloudTrail""}]",,us-east-1,,96.250.109.236
6a78b6ab-556c-4584-b7f4-842cefdada29,"2020-06-08, 11:18:30 AM",Administrator,ListGroupsForUser,,,,us-east-1,,96.250.109.236
98ddc64b-ea22-4102-a571-b92dd39e7a1a,"2020-06-08, 11:18:30 AM",Administrator,ListUsers,,,,us-east-1,,96.250.109.236
d3a0fa1a-d108-4c0b-8141-1f35826266c7,"2020-06-08, 11:18:30 AM",Administrator,AddUserToGroup,IAM User and 1 more,"[{""resourceType"":""AWS::IAM::User"",""resourceName"":""CloudTrail""},{""resourceType"":""AWS::IAM::Group"",""resourceName"":""CloudTrailAdmins""}]",,us-east-1,,96.250.109.236
b3b3cea5-9442-4a8f-8863-70e106d81d24,"2020-06-08, 11:18:07 AM",Administrator,DescribeEventAggregates,,,,us-east-1,,96.250.109.236
466bc15b-1be8-49dc-a3bf-3d00c14c132d,"2020-06-08, 11:17:42 AM",Administrator,ListAttachedGroupPolicies,,,,us-east-1,,96.250.109.236
471e935e-800d-406f-bafb-dcc0dcb12a3e,"2020-06-08, 11:17:42 AM",Administrator,ListAttachedGroupPolicies,,,,us-east-1,,96.250.109.236
ddd99334-f720-48d1-a0e4-35e6a378f195,"2020-06-08, 11:17:42 AM",Administrator,ListAttachedGroupPolicies,,,,us-east-1,,96.250.109.236
4c2562f3-10e0-42a5-8cdb-401f5f637e75,"2020-06-08, 11:13:44 AM",Administrator,GetAccountPasswordPolicy,,,,us-east-1,,96.250.109.236
ad24d5e3-3b8b-4a5c-9730-17864e1a79c9,"2020-06-08, 11:13:44 AM",Administrator,UpdateAccountPasswordPolicy,,,,us-east-1,,96.250.109.236
214a15ab-c7eb-4fc9-97e1-3d33d59f29ad,"2020-06-08, 11:13:11 AM",Administrator,GetAccountSummary,,,,us-east-1,,96.250.109.236
2e3a29ea-f156-40db-b135-06fa3f2136e9,"2020-06-08, 11:13:11 AM",Administrator,ListAccessKeys,,,,us-east-1,,96.250.109.236
371a674e-c292-41a9-a7d6-1f4f3e042a4f,"2020-06-08, 11:13:11 AM",Administrator,GetAccountPasswordPolicy,,,,us-east-1,NoSuchEntityException,96.250.109.236
5610c7af-9817-4348-8322-b0bb888c81f5,"2020-06-08, 11:13:11 AM",Administrator,ListAccountAliases,,,,us-east-1,,96.250.109.236
ff419481-9919-4f5c-9169-1d65e2db432d,"2020-06-08, 11:13:11 AM",Administrator,GetAccountPasswordPolicy,,,,us-east-1,NoSuchEntityException,96.250.109.236
3355e804-b930-4445-88d8-047b80782f94,"2020-06-08, 11:13:07 AM",Administrator,GetAccountPasswordPolicy,,,,us-east-1,NoSuchEntityException,96.250.109.236
7e6c10ae-8b10-4eed-b258-f615cb465737,"2020-06-08, 11:13:07 AM",Administrator,ListAccountAliases,,,,us-east-1,,96.250.109.236
b8afa70b-dcdf-4f36-a66b-b48dfed55fe8,"2020-06-08, 11:13:07 AM",Administrator,GetAccountSummary,,,,us-east-1,,96.250.109.236
c6179535-9d9d-4f4a-994e-043cadb3c621,"2020-06-08, 11:13:07 AM",Administrator,ListAccessKeys,,,,us-east-1,,96.250.109.236
11f71f48-0194-4529-87b1-2efd65cbb36c,"2020-06-08, 11:13:06 AM",Administrator,GetAccountPasswordPolicy,,,,us-east-1,NoSuchEntityException,96.250.109.236
425d5833-fd5d-46ab-b9f1-2480b943bf3a,"2020-06-08, 11:13:06 AM",Administrator,DescribeEventAggregates,,,,us-east-1,,96.250.109.236
77e4925c-c29b-4d40-8115-5e08d0d5fdae,"2020-06-08, 11:13:06 AM",Administrator,ListAccountAliases,,,,us-east-1,,96.250.109.236
bcf4e438-e012-4810-92a1-475385fbfcfb,"2020-06-08, 11:13:06 AM",Administrator,ListAccessKeys,,,,us-east-1,,96.250.109.236
ad645694-b86b-40ae-8131-e1a9d26aeeeb,"2020-06-08, 11:13:05 AM",Administrator,GetAccountSummary,,,,us-east-1,,96.250.109.236
b91d42d0-1e38-4a07-ba14-c26bf3105fe3,"2020-06-08, 11:12:39 AM",Administrator,DescribeOrderableDBInstanceOptions,,,,us-east-1,,96.250.109.236
1eb2da16-b57f-4bbd-b6f2-4974e4f9036c,"2020-06-08, 11:12:38 AM",Administrator,DescribeOrderableDBInstanceOptions,,,,us-east-1,,96.250.109.236
2bc63009-b106-474b-986a-187ba0ca3ef2,"2020-06-08, 11:12:38 AM",Administrator,DescribeOrderableDBInstanceOptions,,,,us-east-1,,96.250.109.236
47ca5b4b-55ac-4cfb-a3a5-b306f9ee03f2,"2020-06-08, 11:12:38 AM",Administrator,DescribeOrderableDBInstanceOptions,,,,us-east-1,,96.250.109.236
8c732f99-bf44-42b2-990b-b5a77203c857,"2020-06-08, 11:12:38 AM",Administrator,DescribeOrderableDBInstanceOptions,,,,us-east-1,,96.250.109.236
e047b7dc-cf97-4a1f-80e4-50cdbeed15a4,"2020-06-08, 11:12:38 AM",Administrator,DescribeOrderableDBInstanceOptions,,,,us-east-1,,96.250.109.236
2da59b4b-765d-49b6-a4f0-30d2fad34176,"2020-06-08, 11:12:37 AM",Administrator,DescribeOrderableDBInstanceOptions,,,,us-east-1,,96.250.109.236
df1b2934-2084-4d4b-94ee-0570bb05a3d9,"2020-06-08, 11:12:37 AM",Administrator,DescribeOrderableDBInstanceOptions,,,,us-east-1,,96.250.109.236
f3515187-2f7b-4496-aa0c-0e301b504f23,"2020-06-08, 11:12:37 AM",Administrator,DescribeOrderableDBInstanceOptions,,,,us-east-1,,96.250.109.236
97d06cdf-42fb-4eb0-80d4-1533d64590db,"2020-06-08, 11:12:35 AM",Administrator,DescribeOrderableDBInstanceOptions,,,,us-east-1,,96.250.109.236
2551af00-39b4-43cf-a398-fb355f39a4f8,"2020-06-08, 11:12:34 AM",Administrator,DescribeOrderableDBInstanceOptions,,,,us-east-1,,96.250.109.236
2d6dd380-5000-4797-8ca7-cd3af11d8236,"2020-06-08, 11:12:34 AM",Administrator,DescribeOrderableDBInstanceOptions,,,,us-east-1,,96.250.109.236
9f2d418b-b320-4ba4-8f04-cca773b21bdf,"2020-06-08, 11:12:34 AM",Administrator,DescribeOrderableDBInstanceOptions,,,,us-east-1,,96.250.109.236
a15254e5-a187-4e43-b3cb-673eee87e5db,"2020-06-08, 11:12:34 AM",Administrator,DescribeOrderableDBInstanceOptions,,,,us-east-1,,96.250.109.236
e7e84c88-95e7-4cb2-918d-d24f3cf360ad,"2020-06-08, 11:12:34 AM",Administrator,DescribeOrderableDBInstanceOptions,,,,us-east-1,,96.250.109.236
f0be0d53-bccc-4388-b852-0ecf30ec8e82,"2020-06-08, 11:12:34 AM",Administrator,DescribeOrderableDBInstanceOptions,,,,us-east-1,,96.250.109.236
02e51343-46c7-407b-9a0c-8d16b46b4100,"2020-06-08, 11:12:32 AM",Administrator,DescribeOrderableDBInstanceOptions,,,,us-east-1,,96.250.109.236
18333ff6-4b89-4183-8540-eef3abdd12f1,"2020-06-08, 11:12:32 AM",Administrator,DescribeOrderableDBInstanceOptions,,,,us-east-1,,96.250.109.236
29b2d9de-5420-4fc1-93d1-5687bcf7770b,"2020-06-08, 11:12:32 AM",Administrator,DescribeOrderableDBInstanceOptions,,,,us-east-1,,96.250.109.236
3455533a-21da-453e-b5c9-d6152f13aec8,"2020-06-08, 11:12:32 AM",Administrator,DescribeOrderableDBInstanceOptions,,,,us-east-1,,96.250.109.236
ad6cc74f-e83c-47c4-b4cd-87eaeb42f874,"2020-06-08, 11:12:32 AM",Administrator,DescribeOrderableDBInstanceOptions,,,,us-east-1,,96.250.109.236
040567c9-ea2d-4c5c-be08-86c63486d64c,"2020-06-08, 11:12:28 AM",Administrator,DescribeOrderableDBInstanceOptions,,,,us-east-1,,96.250.109.236
abb74e3e-8b75-4ae2-8cf8-93a258c4a328,"2020-06-08, 11:12:28 AM",Administrator,DescribeOrderableDBInstanceOptions,,,,us-east-1,,96.250.109.236
eca071ae-8381-46ab-bad3-e5d47e7bcc87,"2020-06-08, 11:12:28 AM",Administrator,DescribeOrderableDBInstanceOptions,,,,us-east-1,,96.250.109.236
000c9f82-0205-4a4a-9143-db82b4dddce0,"2020-06-08, 11:12:27 AM",Administrator,DescribeDBEngineVersions,,,,us-east-1,,96.250.109.236
170427bf-afeb-4379-a29e-060c06ef1b7d,"2020-06-08, 11:12:27 AM",Administrator,DescribeDBEngineVersions,,,,us-east-1,,96.250.109.236
1bce758f-7857-4073-b826-c5607ead61de,"2020-06-08, 11:12:27 AM",Administrator,DescribeDBEngineVersions,,,,us-east-1,,96.250.109.236
1f7efb26-eba2-4eaa-aed4-e1e254bf45ee,"2020-06-08, 11:12:27 AM",Administrator,DescribeDBEngineVersions,,,,us-east-1,,96.250.109.236
2ecc085c-802b-46ab-b1fd-672e48e19a6a,"2020-06-08, 11:12:27 AM",Administrator,DescribeDBEngineVersions,,,,us-east-1,,96.250.109.236
377549ca-1c85-42d6-9df7-71849a10dbf7,"2020-06-08, 11:12:27 AM",Administrator,DescribeDBEngineVersions,,,,us-east-1,,96.250.109.236
4df400ad-0752-4a2d-be6d-07f8a108014f,"2020-06-08, 11:12:27 AM",Administrator,DescribeDBEngineVersions,,,,us-east-1,,96.250.109.236
4ea7e3e7-e2d6-4968-bae4-7b4824e6a3e9,"2020-06-08, 11:12:27 AM",Administrator,DescribeDBEngineVersions,,,,us-east-1,,96.250.109.236
5b531f8c-85c1-4d35-acdd-914348e3306b,"2020-06-08, 11:12:27 AM",Administrator,DescribeDBEngineVersions,,,,us-east-1,,96.250.109.236
7afa1652-1a8d-46c0-b3e7-997a88f5243d,"2020-06-08, 11:12:27 AM",Administrator,DescribeDBEngineVersions,,,,us-east-1,,96.250.109.236
80070ecf-5270-4b31-8218-681e7331c3c3,"2020-06-08, 11:12:27 AM",Administrator,DescribeDBEngineVersions,,,,us-east-1,,96.250.109.236
a81c64ef-01e6-4055-bc33-3c5af97cea87,"2020-06-08, 11:12:27 AM",Administrator,DescribeDBEngineVersions,,,,us-east-1,,96.250.109.236
b015d65f-6da1-47a5-8f2c-53134639323c,"2020-06-08, 11:12:27 AM",Administrator,DescribeDBEngineVersions,,,,us-east-1,,96.250.109.236
b950fa47-6124-4ba2-8ef4-b69d69fa9835,"2020-06-08, 11:12:27 AM",Administrator,DescribeDBEngineVersions,,,,us-east-1,,96.250.109.236
ce023ca9-b16e-4df8-8914-30aa3b1aec77,"2020-06-08, 11:12:27 AM",Administrator,DescribeDBEngineVersions,,,,us-east-1,,96.250.109.236
e3de0ea2-c049-41c8-b0ba-33ff38713266,"2020-06-08, 11:12:27 AM",Administrator,DescribeDBEngineVersions,,,,us-east-1,,96.250.109.236
831b1834-4cc4-4afc-90dd-39d49af53772,"2020-06-08, 11:12:26 AM",Administrator,DescribeDBEngineVersions,,,,us-east-1,,96.250.109.236
908b87f2-7bb9-431e-827d-6c69aa529de5,"2020-06-08, 11:12:26 AM",Administrator,DescribeDBEngineVersions,,,,us-east-1,,96.250.109.236
32fde6e9-7155-481e-8867-77a7bd0a2aa4,"2020-06-08, 11:12:25 AM",Administrator,DescribeDBEngineVersions,,,,us-east-1,,96.250.109.236
e2d6fedb-4b45-433b-9020-06ade1280ae5,"2020-06-08, 11:12:23 AM",Administrator,DescribeDBEngineVersions,,,,us-east-1,,96.250.109.236
bdc4838e-28dc-40f8-8ac3-30f0f1b4abef,"2020-06-08, 11:12:21 AM",Administrator,DescribeDBEngineVersions,,,,us-east-1,,96.250.109.236
14b688e0-00d8-4390-9c15-32b1d99666af,"2020-06-08, 11:12:19 AM",Administrator,DescribeDBSnapshots,,,,us-east-1,,96.250.109.236
23815778-23fb-48f5-a875-6be637473d45,"2020-06-08, 11:12:19 AM",Administrator,DescribeDBClusterSnapshots,,,,us-east-1,,96.250.109.236
38d78726-c5e3-417e-9557-d810fc193402,"2020-06-08, 11:12:19 AM",Administrator,DescribeAccountAttributes,,,,us-east-1,,96.250.109.236
3c833fae-c423-4546-91c0-5a5361f24fcb,"2020-06-08, 11:12:19 AM",Administrator,DescribeDBParameterGroups,,,,us-east-1,,96.250.109.236
3fdc6b86-9be2-4334-8856-db705ed9c5d5,"2020-06-08, 11:12:19 AM",Administrator,DescribePendingMaintenanceActions,,,,us-east-1,,96.250.109.236
45033ed9-65fc-467a-beb8-bd0ee52e45a9,"2020-06-08, 11:12:19 AM",Administrator,DescribeDBInstances,,,,us-east-1,,96.250.109.236
4fbd27a2-a797-4e68-bb62-0732f45fb943,"2020-06-08, 11:12:19 AM",Administrator,DescribeDBInstances,,,,us-east-1,,96.250.109.236
60e4844b-b099-4f63-899b-83ac1f46ae47,"2020-06-08, 11:12:19 AM",Administrator,DescribeCertificates,,,,us-east-1,,96.250.109.236
75a5454c-f11c-4584-8957-54745b525780,"2020-06-08, 11:12:19 AM",Administrator,DescribeEventAggregates,,,,us-east-1,,96.250.109.236
aa3effdb-1b89-48d3-8eba-deeb14e18ab7,"2020-06-08, 11:12:19 AM",Administrator,DescribeAccountAttributes,,,,us-east-1,,96.250.109.236
c7253566-41c9-4137-96dd-25e17f5147b7,"2020-06-08, 11:12:19 AM",Administrator,DescribeVpcs,,,,us-east-1,,96.250.109.236
d1e19574-4fb6-45ff-8d54-e6ff2c266b31,"2020-06-08, 11:12:19 AM",Administrator,DescribeDBClusterParameterGroups,,,,us-east-1,,96.250.109.236
e058328d-2901-485f-89a5-5e65db38be46,"2020-06-08, 11:12:19 AM",Administrator,DescribeOptionGroups,,,,us-east-1,,96.250.109.236
e17c2d55-219d-4522-828f-a200028dee36,"2020-06-08, 11:12:19 AM",Administrator,DescribeEvents,,,,us-east-1,,96.250.109.236
f2b32824-85fe-4a50-91da-964ceb67b29b,"2020-06-08, 11:12:19 AM",Administrator,DescribeRecommendationGroups,,,,us-east-1,,96.250.109.236
42ea5534-527d-4fd5-a810-01caefa2683b,"2020-06-08, 11:12:14 AM",Administrator,DescribeAccountAttributes,,,,us-east-1,,96.250.109.236
8873cefe-336d-444a-9551-b95e5816d2c1,"2020-06-08, 11:12:00 AM",Administrator,DescribeEventAggregates,,,,us-east-1,,96.250.109.236
12c1624c-7cc3-4e12-b03c-e0e37f27f6b2,"2020-06-08, 11:11:58 AM",Administrator,ConsoleLogin,,,,us-east-1,,96.250.109.236
302963aa-9b73-47c1-94f7-69c66227130b,"2020-06-08, 11:11:15 AM",root,DescribeEventAggregates,,,,us-east-1,,96.250.109.236
99fc3e75-f894-4429-ae90-c7b3c686d15a,"2020-06-08, 11:09:58 AM",root,DescribeEventAggregates,,,,us-east-1,,96.250.109.236
3ef52d9f-db3e-43c3-b403-dd03ca5fb16d,"2020-06-08, 11:07:16 AM",root,DescribeEventAggregates,,,,us-east-1,,96.250.109.236
69cb4fbc-737a-486c-9afa-cfb6afe7f3b2,"2020-06-08, 11:06:15 AM",root,DescribeEventAggregates,,,,us-east-1,,96.250.109.236
f5cb8976-1694-4fd2-8eaa-b217b418f78e,"2020-06-08, 11:04:57 AM",root,DescribeEventAggregates,,,,us-east-1,,96.250.109.236
7e8b8190-4542-4804-98c3-6daec775dc87,"2020-06-08, 11:03:53 AM",root,ListPolicies,,,,us-east-1,,96.250.109.236
ff2c28a6-d2bb-490f-b231-6198e2c8b710,"2020-06-08, 11:03:53 AM",root,ListAccountAliases,,,,us-east-1,,96.250.109.236
5c6d123a-d59a-43c1-a0c0-ff8363f4108f,"2020-06-08, 11:03:52 AM",root,AddUserToGroup,IAM User and 1 more,"[{""resourceType"":""AWS::IAM::User"",""resourceName"":""Administrator""},{""resourceType"":""AWS::IAM::Group"",""resourceName"":""Administrators""}]",,us-east-1,,96.250.109.236
9c27fbec-b55d-40da-9c1b-4c7dd8011274,"2020-06-08, 11:03:52 AM",root,CreateLoginProfile,IAM User,"[{""resourceType"":""AWS::IAM::User"",""resourceName"":""Administrator""}]",,us-east-1,,96.250.109.236
ae8d6f46-e9e4-4612-9f56-48a317ae2eb5,"2020-06-08, 11:03:52 AM",root,ListUsers,,,,us-east-1,,96.250.109.236
db7f47a8-6e5a-43ea-b96a-a46f1610643a,"2020-06-08, 11:03:52 AM",root,CreateUser,IAM User,"[{""resourceType"":""AWS::IAM::User"",""resourceName"":""AIDA2NAYKUZ2MJSVXGUVG""},{""resourceType"":""AWS::IAM::User"",""resourceName"":""Administrator""},{""resourceType"":""AWS::IAM::User"",""resourceName"":""arn:aws:iam::715163084404:user/Administrator""}]",,us-east-1,,96.250.109.236
ff5b1321-b406-4da9-a7af-6f80b2253b20,"2020-06-08, 11:03:52 AM",root,ListGroupsForUser,,,,us-east-1,,96.250.109.236
05253787-2ae4-4b7a-a68b-1b2c8150c947,"2020-06-08, 11:03:30 AM",root,ListAttachedGroupPolicies,,,,us-east-1,,96.250.109.236
1c2da0a6-6663-4ae9-935a-cab151eeff90,"2020-06-08, 11:03:30 AM",root,GetPolicy,,,,us-east-1,,96.250.109.236
2e0dd4a0-c532-4598-bd58-431c592d3088,"2020-06-08, 11:03:30 AM",root,ListAttachedGroupPolicies,,,,us-east-1,,96.250.109.236
67c51b09-baf5-4779-8b67-eeb6fb444b89,"2020-06-08, 11:03:30 AM",root,ListGroups,,,,us-east-1,,96.250.109.236
798a3856-88d8-4414-acf5-cde6bfe0232a,"2020-06-08, 11:03:30 AM",root,AttachGroupPolicy,IAM Policy and 1 more,"[{""resourceType"":""AWS::IAM::Policy"",""resourceName"":""arn:aws:iam::aws:policy/AdministratorAccess""},{""resourceType"":""AWS::IAM::Group"",""resourceName"":""Administrators""}]",,us-east-1,,96.250.109.236
6e4d9ba0-5b49-43c8-8046-b00041954472,"2020-06-08, 11:03:29 AM",root,CreateGroup,IAM Group,"[{""resourceType"":""AWS::IAM::Group"",""resourceName"":""arn:aws:iam::715163084404:group/Administrators""},{""resourceType"":""AWS::IAM::Group"",""resourceName"":""Administrators""},{""resourceType"":""AWS::IAM::Group"",""resourceName"":""AGPA2NAYKUZ2FYQQE6YEP""}]",,us-east-1,,96.250.109.236
7528cf7e-ce15-49f0-9c9d-0b20c04e6d50,"2020-06-08, 11:03:15 AM",root,ListPolicies,,,,us-east-1,,96.250.109.236
503c5bc2-d97e-4cf2-b5bb-8b076b56e983,"2020-06-08, 11:02:31 AM",root,ListGroups,,,,us-east-1,,96.250.109.236
4ab7bc38-2918-4bc4-a317-bad407dab2a5,"2020-06-08, 11:02:16 AM",root,DescribeEventAggregates,,,,us-east-1,,96.250.109.236
4bdeccdc-6577-4c5c-98ef-5abd173b2fd8,"2020-06-08, 11:01:59 AM",root,GetAccountPasswordPolicy,,,,us-east-1,NoSuchEntityException,96.250.109.236
0ba11a3f-2825-4ac7-868d-570f5331ae4c,"2020-06-08, 11:01:47 AM",root,ListAccountAliases,,,,us-east-1,,96.250.109.236
10952622-c27d-4085-a7dd-1b384a2a74c2,"2020-06-08, 11:01:47 AM",root,GetAccountPasswordPolicy,,,,us-east-1,NoSuchEntityException,96.250.109.236
130b39ca-5dcc-4514-8d23-6c11f8beafa9,"2020-06-08, 11:01:47 AM",root,ListPolicies,,,,us-east-1,,96.250.109.236
8e89865a-8d36-41fa-8546-52f2f22478a3,"2020-06-08, 11:01:47 AM",root,ListAccessKeys,,,,us-east-1,,96.250.109.236
bc2153ae-1290-452e-bfa9-369f3a1295d2,"2020-06-08, 11:01:47 AM",root,GetAccountSummary,,,,us-east-1,,96.250.109.236
a520944d-b739-4faa-9d2a-cb1b444939f4,"2020-06-08, 11:01:22 AM",root,ListUsers,,,,us-east-1,,96.250.109.236
d02e3cb6-e271-4abb-87bc-23a02a3f1488,"2020-06-08, 11:01:22 AM",root,ListUsers,,,,us-east-1,,96.250.109.236
5db495bb-6451-441e-a02a-cfa069b2b971,"2020-06-08, 11:01:16 AM",root,ListAccessKeys,,,,us-east-1,,96.250.109.236
1617c3e0-91b5-4093-9fd2-78756c85458a,"2020-06-08, 11:01:15 AM",root,ListAccountAliases,,,,us-east-1,,96.250.109.236
1f7cc499-4ccd-4662-b8fe-db286c9e3855,"2020-06-08, 11:01:15 AM",root,GetAccountSummary,,,,us-east-1,,96.250.109.236
455450bc-d5ac-496b-ab91-e327e24df9c1,"2020-06-08, 11:01:15 AM",root,GetAccountPasswordPolicy,,,,us-east-1,NoSuchEntityException,96.250.109.236
a74ec0b8-0939-4d43-ad79-f765ff4ae704,"2020-06-08, 11:01:14 AM",root,DescribeEventAggregates,,,,us-east-1,,96.250.109.236
5ad3c34f-7988-4a02-8df5-5393288309c6,"2020-06-08, 11:01:13 AM",root,GetAccountPasswordPolicy,,,,us-east-1,NoSuchEntityException,96.250.109.236
89e08314-70df-4a6d-8f20-d556945db4c6,"2020-06-08, 11:01:13 AM",root,GetAccountSummary,,,,us-east-1,,96.250.109.236
e122e8ed-8587-43bc-9719-8bb0e820e19c,"2020-06-08, 11:01:13 AM",root,ListAccountAliases,,,,us-east-1,,96.250.109.236
e3122d90-90b5-4e2a-a6fa-b85fd3fe0cf8,"2020-06-08, 11:01:13 AM",root,ListAccessKeys,,,,us-east-1,,96.250.109.236
feb24362-4e4c-4ad0-8cdf-888f76bd6c89,"2020-06-08, 11:01:02 AM",root,SetIAMAccessPreference,,,,us-east-1,,96.250.109.236
543e25e4-9e26-419c-beff-15c66a6f5093,"2020-06-08, 10:59:56 AM",root,ListAccessKeys,,,,us-east-1,,96.250.109.236
6913cc94-83b9-465f-b120-c1ce65614873,"2020-06-08, 10:59:56 AM",root,GetAccountPasswordPolicy,,,,us-east-1,NoSuchEntityException,96.250.109.236
920bcc39-9bdf-413c-9d51-618e39e1fb3a,"2020-06-08, 10:59:56 AM",root,GetAccountSummary,,,,us-east-1,,96.250.109.236
b7784430-c4ff-4c06-a138-b0c1bd9b7805,"2020-06-08, 10:59:56 AM",root,ListAccountAliases,,,,us-east-1,,96.250.109.236
c947c7a8-dd3e-4a52-b8c4-7e6e06671a00,"2020-06-08, 10:59:56 AM",root,DescribeEventAggregates,,,,us-east-1,,96.250.109.236
1ffeefc4-650d-4f8b-9321-0cbed6c0f257,"2020-06-08, 10:59:55 AM",root,ListAccountAliases,,,,us-east-1,,96.250.109.236
3a6b8fcd-7276-48b8-8562-15801a26ca25,"2020-06-08, 10:59:55 AM",root,ListAccessKeys,,,,us-east-1,,96.250.109.236
7a6368da-427d-40fc-b760-585505c150e3,"2020-06-08, 10:59:55 AM",root,GetAccountPasswordPolicy,,,,us-east-1,NoSuchEntityException,96.250.109.236
ea9872e7-187f-467e-b398-875ea45e27cb,"2020-06-08, 10:59:55 AM",root,GetAccountSummary,,,,us-east-1,,96.250.109.236
5255a812-3425-426d-ba07-a7f1fea5871e,"2020-06-08, 10:59:28 AM",root,SetContactAddress,,,,us-east-1,,96.250.109.236
e84ad5cd-4269-47b4-b178-85442ab62cb0,"2020-06-08, 10:57:14 AM",root,DescribeEventAggregates,,,,us-east-1,,96.250.109.236
85f38376-bb77-45a9-ad68-3eef4f3725b8,"2020-06-08, 10:52:13 AM",root,DescribeEventAggregates,,,,us-east-1,,96.250.109.236
ad68da72-4174-4fb8-bfae-f6b5d4e496f3,"2020-06-08, 10:47:12 AM",root,DescribeEventAggregates,,,,us-east-1,,96.250.109.236
5e70564b-60e0-4351-a18b-a8fbd8e46beb,"2020-06-08, 10:42:11 AM",root,DescribeEventAggregates,,,,us-east-1,,96.250.109.236
0ae1498a-c673-4820-84bb-077fe05ffe88,"2020-06-08, 10:37:27 AM",root,DescribeOrderableDBInstanceOptions,,,,us-east-1,,96.250.109.236
5c351bcb-5296-4746-bdc3-05a8a2a4faa8,"2020-06-08, 10:37:27 AM",root,DescribeOrderableDBInstanceOptions,,,,us-east-1,,96.250.109.236
37b75474-c0f1-48a7-a335-7a3bc4d46c33,"2020-06-08, 10:37:26 AM",root,DescribeOrderableDBInstanceOptions,,,,us-east-1,,96.250.109.236
41994570-08e5-440d-80dc-de97eaec2a00,"2020-06-08, 10:37:26 AM",root,DescribeOrderableDBInstanceOptions,,,,us-east-1,,96.250.109.236
875de060-73e0-4ee8-a633-b6bb24cec6d2,"2020-06-08, 10:37:26 AM",root,DescribeOrderableDBInstanceOptions,,,,us-east-1,,96.250.109.236
8f2e0d3f-132a-4721-9aaa-c79c962400ac,"2020-06-08, 10:37:26 AM",root,DescribeOrderableDBInstanceOptions,,,,us-east-1,,96.250.109.236
ae3158a2-f68e-4b72-9f9a-46f5a0734114,"2020-06-08, 10:37:26 AM",root,DescribeOrderableDBInstanceOptions,,,,us-east-1,,96.250.109.236
fb62ac18-99b2-4fe8-b5c3-b0ee85aa61cb,"2020-06-08, 10:37:26 AM",root,DescribeOrderableDBInstanceOptions,,,,us-east-1,,96.250.109.236
1b8865ab-fd2c-4a44-a8fc-c2bd70ffee11,"2020-06-08, 10:37:23 AM",root,DescribeOrderableDBInstanceOptions,,,,us-east-1,,96.250.109.236
8e8a1768-3108-475a-9df7-e278485806ef,"2020-06-08, 10:37:23 AM",root,DescribeOrderableDBInstanceOptions,,,,us-east-1,,96.250.109.236
d62a8a5c-1c80-424d-a36d-b52c6c6a4d4f,"2020-06-08, 10:37:23 AM",root,DescribeOrderableDBInstanceOptions,,,,us-east-1,,96.250.109.236
7ae1538e-71ff-4515-94fb-8127bcbe753e,"2020-06-08, 10:37:22 AM",root,DescribeOrderableDBInstanceOptions,,,,us-east-1,,96.250.109.236
33e21663-c09f-4177-99fa-9920acc91f88,"2020-06-08, 10:37:21 AM",root,DescribeOrderableDBInstanceOptions,,,,us-east-1,,96.250.109.236
802f2a86-aad7-465f-a964-a03c0a413f08,"2020-06-08, 10:37:21 AM",root,DescribeOrderableDBInstanceOptions,,,,us-east-1,,96.250.109.236
de7da541-b6bb-428c-bb4c-47f01b9372cb,"2020-06-08, 10:37:21 AM",root,DescribeOrderableDBInstanceOptions,,,,us-east-1,,96.250.109.236
e17a4e77-8af9-495b-9116-ec749b31a797,"2020-06-08, 10:37:21 AM",root,DescribeOrderableDBInstanceOptions,,,,us-east-1,,96.250.109.236
e692d74c-b901-4f7f-a4fa-d9cf534a14c7,"2020-06-08, 10:37:21 AM",root,DescribeOrderableDBInstanceOptions,,,,us-east-1,,96.250.109.236
04cda6eb-a4f5-4335-bb49-a8f74021714e,"2020-06-08, 10:37:20 AM",root,DescribeOrderableDBInstanceOptions,,,,us-east-1,,96.250.109.236
66699ace-7ade-4d5a-a8cf-ea97a27bd819,"2020-06-08, 10:37:20 AM",root,DescribeOrderableDBInstanceOptions,,,,us-east-1,,96.250.109.236
c8871a5b-18e6-4a98-943a-79cdd503cbd1,"2020-06-08, 10:37:20 AM",root,DescribeOrderableDBInstanceOptions,,,,us-east-1,,96.250.109.236
d295e45f-915c-4115-8587-1ff32f5b3101,"2020-06-08, 10:37:20 AM",root,DescribeOrderableDBInstanceOptions,,,,us-east-1,,96.250.109.236
f35e1215-c48b-47ec-99ac-0db086e7da25,"2020-06-08, 10:37:20 AM",root,DescribeOrderableDBInstanceOptions,,,,us-east-1,,96.250.109.236
2b975ec3-3541-4398-a60c-70b1a834bbdc,"2020-06-08, 10:37:19 AM",root,DescribeOrderableDBInstanceOptions,,,,us-east-1,,96.250.109.236
315bf4ec-832c-4f8d-8ae3-d921e473f435,"2020-06-08, 10:37:19 AM",root,DescribeAccountAttributes,,,,us-east-1,,96.250.109.236
6c60ab05-668d-4613-8f36-dbb6e0397eeb,"2020-06-08, 10:37:19 AM",root,DescribeDBInstances,,,,us-east-1,,96.250.109.236
72fdca1d-e44d-4354-9cc5-ace987bf8be5,"2020-06-08, 10:37:19 AM",root,DescribeDBClusterSnapshots,,,,us-east-1,,96.250.109.236
7e39f41c-e248-43a8-a689-d01cbdfbbc24,"2020-06-08, 10:37:19 AM",root,DescribeAccountAttributes,,,,us-east-1,,96.250.109.236
8798f15c-7fb9-4cd4-9502-f0f56ce4e816,"2020-06-08, 10:37:19 AM",root,DescribeDBParameterGroups,,,,us-east-1,,96.250.109.236
aa5cf4d6-55dd-4373-8124-71dbb1b50460,"2020-06-08, 10:37:19 AM",root,DescribeDBClusterParameterGroups,,,,us-east-1,,96.250.109.236
dd1957ca-24bd-435c-af1b-65b1178339b9,"2020-06-08, 10:37:19 AM",root,DescribeDBSnapshots,,,,us-east-1,,96.250.109.236
e4cf7d28-244b-475d-9f0f-6c10c1451af1,"2020-06-08, 10:37:19 AM",root,DescribeOrderableDBInstanceOptions,,,,us-east-1,,96.250.109.236
ef6fdf45-1469-4c41-9bc6-70303ef2b7a0,"2020-06-08, 10:37:19 AM",root,DescribeOptionGroups,,,,us-east-1,,96.250.109.236
f463e8d8-e628-4cd1-9d35-5c01cec3e6db,"2020-06-08, 10:37:19 AM",root,DescribeEvents,,,,us-east-1,,96.250.109.236
fe18b696-b6e7-4788-90ad-88d262857ccc,"2020-06-08, 10:37:19 AM",root,DescribeOrderableDBInstanceOptions,,,,us-east-1,,96.250.109.236
45edc4f7-cce8-460f-9bf7-0a7ad6b47edb,"2020-06-08, 10:37:18 AM",root,DescribeDBEngineVersions,,,,us-east-1,,96.250.109.236
5f13000f-fe97-4068-9116-c56a411c5217,"2020-06-08, 10:37:18 AM",root,DescribeDBEngineVersions,,,,us-east-1,,96.250.109.236
6e1baaae-c59d-450f-b52d-0e988cf918c4,"2020-06-08, 10:37:18 AM",root,DescribeDBEngineVersions,,,,us-east-1,,96.250.109.236
a7fb377b-0f9f-4589-bd03-19e2c6078ba9,"2020-06-08, 10:37:18 AM",root,DescribeDBEngineVersions,,,,us-east-1,,96.250.109.236
ef780655-337c-45b6-b80b-4e28aeae617b,"2020-06-08, 10:37:18 AM",root,DescribeDBEngineVersions,,,,us-east-1,,96.250.109.236
f67655bb-68a9-4753-abc1-767021e89e97,"2020-06-08, 10:37:18 AM",root,DescribeDBEngineVersions,,,,us-east-1,,96.250.109.236
0787c4b2-72cb-4ed0-966b-e4e62ce3952d,"2020-06-08, 10:37:17 AM",root,DescribeDBEngineVersions,,,,us-east-1,,96.250.109.236
1f6a0a42-385d-45d2-a7de-7cc07e858fbc,"2020-06-08, 10:37:17 AM",root,DescribeDBEngineVersions,,,,us-east-1,,96.250.109.236
2a1a2443-7de3-4047-8e21-5ca6de8f1e3b,"2020-06-08, 10:37:17 AM",root,DescribeDBEngineVersions,,,,us-east-1,,96.250.109.236
7e8b1290-7eb1-44b1-bdba-c21cb3625963,"2020-06-08, 10:37:17 AM",root,DescribeDBEngineVersions,,,,us-east-1,,96.250.109.236
91a7b8dd-5ec9-4f4a-8acc-5c86feb82576,"2020-06-08, 10:37:17 AM",root,DescribeDBEngineVersions,,,,us-east-1,,96.250.109.236
9da7a5e6-d36e-4bb5-879c-bc1debf9bc21,"2020-06-08, 10:37:17 AM",root,DescribeDBEngineVersions,,,,us-east-1,,96.250.109.236
b7fadfb8-644b-490f-83e7-1dfcb9a952e2,"2020-06-08, 10:37:17 AM",root,DescribeDBEngineVersions,,,,us-east-1,,96.250.109.236
cfe1b40d-e6f4-4d6d-a3e6-d87e7184c773,"2020-06-08, 10:37:17 AM",root,DescribeDBEngineVersions,,,,us-east-1,,96.250.109.236
d19eb00c-3a87-4ee6-8905-935dd7af3220,"2020-06-08, 10:37:17 AM",root,DescribeDBEngineVersions,,,,us-east-1,,96.250.109.236
fa520da2-ed0d-4e5a-a7f3-b17a9566172c,"2020-06-08, 10:37:17 AM",root,DescribeDBEngineVersions,,,,us-east-1,,96.250.109.236
fdb11122-4202-43fa-aa09-49aa689d8e50,"2020-06-08, 10:37:17 AM",root,DescribeDBEngineVersions,,,,us-east-1,,96.250.109.236
3fa65241-4b5f-46c4-b75e-fe7516c7bb1a,"2020-06-08, 10:37:16 AM",root,DescribeDBEngineVersions,,,,us-east-1,,96.250.109.236
21e44526-1e40-4431-8718-78029cb63792,"2020-06-08, 10:37:15 AM",root,DescribeDBEngineVersions,,,,us-east-1,,96.250.109.236
71839ea4-4366-4405-970b-118ca932e4a9,"2020-06-08, 10:37:14 AM",root,DescribeDBEngineVersions,,,,us-east-1,,96.250.109.236
c619c428-6f39-438f-a6cc-7d968a9464db,"2020-06-08, 10:37:14 AM",root,DescribeCustomAvailabilityZones,,,,us-east-1,,rds.amazonaws.com
196d6659-7a66-417d-b23d-8ff4195a23d7,"2020-06-08, 10:37:12 AM",root,DescribePendingMaintenanceActions,,,,us-east-1,,96.250.109.236
1dd8ccac-3011-4889-8cc7-d4fa431e554d,"2020-06-08, 10:37:12 AM",root,DescribeDBInstances,,,,us-east-1,,96.250.109.236
1dee041f-04f5-4657-b80a-43b929161ce1,"2020-06-08, 10:37:12 AM",root,DescribeDBEngineVersions,,,,us-east-1,,96.250.109.236
2a28b5f6-7315-45cf-9c5c-6101efa92d5e,"2020-06-08, 10:37:12 AM",root,DescribeDBSubnetGroups,,,,us-east-1,,96.250.109.236
507143af-f8aa-4bea-86ca-67f0c4df45e4,"2020-06-08, 10:37:12 AM",root,DescribeSecurityGroups,,,,us-east-1,,96.250.109.236
5084135b-c873-47c3-a636-fa2ecce2574b,"2020-06-08, 10:37:12 AM",root,DescribeRecommendations,,,,us-east-1,,96.250.109.236
8d73f223-34da-4fc2-bdef-2bab5100936e,"2020-06-08, 10:37:12 AM",root,ListAliases,,,,us-east-1,,96.250.109.236
9a804b79-4d20-48eb-a88c-abe0bc589ead,"2020-06-08, 10:37:12 AM",root,DescribeVpcs,,,,us-east-1,,96.250.109.236
acea75c3-1897-4187-af6a-6d922e238f8c,"2020-06-08, 10:37:12 AM",root,DescribeGlobalClusters,,,,us-east-1,,96.250.109.236
c5d7e8cf-3a6f-4222-86d7-74352f0ff10e,"2020-06-08, 10:37:12 AM",root,DescribeCertificates,,,,us-east-1,,96.250.109.236
da04ddae-d559-4b6e-b811-72ebd72a4e23,"2020-06-08, 10:37:12 AM",root,DescribeDBEngineVersions,,,,us-east-1,,96.250.109.236
df5cffc5-9771-4660-8eac-2b017ecebf4a,"2020-06-08, 10:37:12 AM",root,ListRoles,,,,us-east-1,,96.250.109.236
47d80658-7734-49a3-96bf-f029a888a864,"2020-06-08, 10:37:11 AM",root,DescribeDBClusters,,,,us-east-1,,96.250.109.236
4a65bf38-3353-4ba8-91a7-a3c774407b38,"2020-06-08, 10:37:11 AM",root,DescribeDBInstances,,,,us-east-1,,96.250.109.236
5bd715ba-59a5-42ef-9a23-7ef86f0a50d9,"2020-06-08, 10:37:11 AM",root,DescribeAlarms,,,,us-east-1,,96.250.109.236
6b177121-fbde-47d4-995d-3041c374ab46,"2020-06-08, 10:37:11 AM",root,DescribeEventAggregates,,,,us-east-1,,96.250.109.236
ad766c1c-796a-42b4-adef-dc6d16ad649e,"2020-06-08, 10:37:11 AM",root,DescribeRecommendationGroups,,,,us-east-1,,96.250.109.236
d83c1691-6e7e-494a-b191-f7ff92a84dbb,"2020-06-08, 10:37:11 AM",root,DescribeCertificates,,,,us-east-1,,96.250.109.236
e6274dab-b547-4a8a-b67a-ac22b0894ede,"2020-06-08, 10:37:11 AM",root,DescribePendingMaintenanceActions,,,,us-east-1,,96.250.109.236
e7b32f95-e4b0-4630-afc5-8dfc1ead2830,"2020-06-08, 10:37:11 AM",root,DescribeVpcs,,,,us-east-1,,96.250.109.236
a9b9aa59-b0bc-41ac-a2b2-359ab83b43cf,"2020-06-08, 10:37:07 AM",root,DescribeAccountAttributes,,,,us-east-1,,96.250.109.236
0509457d-9045-494c-bd98-ac89e6a73e4f,"2020-06-08, 10:37:05 AM",root,ConsoleLogin,,,,us-east-1,,96.250.109.236
3e1bb2ad-96f4-4534-a5b0-a781c0508e8c,"2020-06-08, 10:37:05 AM",root,GetSessionToken,IAM AccessKey,"[{""resourceType"":""AWS::IAM::AccessKey"",""resourceName"":""ASIA2NAYKUZ2KNSHMXVR""}]",,us-east-1,,AWS Internal